Handle,Title,Description
mens-store, "Shop Men's Personal Care Products Online In UAE | Nysaa", "Buy Men's Personal Care products online on Nysaa. Discover a wide range of men's shaving foam, shaving gel, lotions and more at Nysaa. Order now for great deals."
shaving, "Shop Men's Shaving Products Online In Dubai, UAE | Nysaa", "Buy Shaving Products for men at best price online from Nysaa. Explore our collection of shaving gels, oils, creams, lotions, balms and more. Order now."
shaving-gels, "Shop Online Shaving Gels For Men In Dubai, UAE | Nysaa", "Buy Shaving Gels for men at best price online from Nysaa. Choose the best shaving gels from the top brands in UAE. Order now."
beard-care, "Shop Beard Care Products Online In Dubai, UAE | Nysaa", "Buy Beard Care products at the best price online from Nysaa. Choose the best products from popular brands in UAE. Order now & get great discounts."
beard-oil, "Shop Online Beard Oil For Men In Dubai, UAE | Nysaa", "Buy Beard Oil for men at best price online from Nysaa. Choose the best products for men from the top brands in UAE. Order now & get amazing deals."
skin-care, "Shop Men's Skin Care Products Online In UAE | Nysaa", "Buy Skin Care products for men at best price online from Nysaa. Choose the best skin care products from the top brands in UAE. Order now."
face-wash, "Shop Men's Face Wash Online In Dubai, UAE | Nysaa", "Buy Face Wash for men at best price online from Nysaa. Choose the best skicnare products for men from the top brands in UAE. Order now at great prices."
moisturizers-1, "Shop Men's Moisturizers Online In Dubai, UAE | Nysaa", "Buy Moisturizers for men at best price online from Nysaa. Choose the best skincare products for men from the top brands in UAE. Order now & get great discounts."
scrubs-and-exfoliants, "Shop Men’s Scrubs And Exfoliants Online In Dubai, UAE | Nysaa", "Buy Scrubs and Exfoliants at the best price online from Nysaa. Choose the best skincare products for men from the top brands in UAE. Order now."
bath-and-body-1, "Shop Men's Bath And Body Products Online In Dubai, UAE | Nysaa", "Buy Bath and Body products at the best price online from Nysaa. Choose the best bath products for men from the top brands in UAE. Order now & get great discounts."
bath-shower-gels, "Shop Men's Bath Shower Gels Online In Dubai, UAE | Nysaa", "Buy Bath Shower Gels at the best price online from Nysaa. Choose the best bath products for men from the top brands in UAE. Order now at great prices."
electronic-beauty-tools, "Buy Latest Electronic Beauty Tools At Nysaa, UAE", "Shop Nysaa's Electronic Tools for styling online in the UAE. Discover a range of high-quality devices designed to enhance your beauty routine."
hair-styling-tools, "Buy Hair Styling Tools Online At Nysaa | Dubai, UAE", "Shop Nysaa's Hair Styling Tools online at the best price in the UAE. Discover a range of high-quality devices designed to enhance your hair styling."
hair-dryers, "Buy Hair Dryers Online At Nysaa | Dubai, UAE", "Shop Hair Dryers online at Nysaa at the best price in the UAE. Ensure quick and efficient styling, delivering salon-quality results at home"
straighteners-1, "Buy Best Hair Straighteners Online At Nysaa | Dubai, UAE", "Shop Hair Straighteners online at Nysaa at the best price in the UAE. Achieve perfect sleek hair with top-rated straighteners from popular brands"
curling-irons-stylers, "Buy Curling Irons And Stylers Online At Nysaa | Dubai, UAE", "Shop Curling Irons & Stylers online at Nysaa at the best price in the UAE. Create stunning curls with a wide range of curling irons & stylers. Explore top brands."
multi-stylers, "Buy Multi Stylers Online At Nysaa | Dubai, UAE", "Experience versatility with Nysaa UAE's Multi Stylers. Perfect for creating multiple hair styles with one tool. Shop online now!"
hot-brushes, "Buy Hot Brushes Online At Nysaa | Dubai, UAE", "Get smooth, styled hair quickly with Hot Brushes available to buy on Nysaa, UAE. Browse our collection for efficient, easy hair styling solutions and get the best deals."
body-massage-tools, "Buy Body Massage Tools Online At Nysaa | Dubai, UAE", "Discover a wide range of Body Massage Tools on Nysaa. Perfect for relaxation and rejuvenation at home. Shop online for your wellness needs today."
body-massagers, "Buy Body Massagers Online At Nysaa | Dubai, UAE", "Ease tension and relax your muscles with Body Massages. Find the perfect tool for a soothing home massage experience. Shop now at Nysaa."
brands, "Top Cosmetics & Beauty Brands Collection | Nysaa UAE", "Nysaa have a wide range of cosmetics & beauty brands. Shop now and avail great offers, easy returns and exchange."
essence, "Shop For Essence Products Online In UAE | Nysaa", "Buy Essence collection at the best price online from Nysaa. Huge collection. Order now and avail great offers, easy returns, and exchange."
loreal-paris, "Shop For Loreal Paris Products Online In UAE | Nysaa", "Buy Loreal Paris collection at the best price online from Nysaa. Huge collection. Order now and avail great offers, easy returns and exchange."
inglot, "Shop For Inglot Products Online In UAE | Nysaa", "Buy Inglot collection at best price online from Nysaa. Huge collection. Order now and avail great offers, easy returns and exchange."
makeup-revolution, "Shop For Makeup Revolution Products Online In UAE | Nysaa", "Buy Makeup Revolution collection at best price online from Nysaa. Huge collection. Order now and avail great offers, easy returns and exchange."
wakeup-cosmetics-milano, "Shop For Wakeup Cosmetics-Milano Products Online In UAE | Nysaa", "Buy Wakeup Cosmetics Milano collection at best price online from Nysaa. Huge collection. Order now and avail great offers, easy returns and exchange."
roberto-cavali, "Shop For Roberto Cavali Products Online In UAE | Nysaa", "Buy Roberto Cavali collection at best price online from Nysaa. Huge collection. Order now and avail great offers, easy returns and exchange."
colorwow, "Shop For Color Wow Products Online In UAE | Nysaa", "Buy Color Wow collection at best price online from Nysaa. Huge collection. Order now and avail great offers, easy returns and exchange."
rituals, "Shop For Rituals Products Online In UAE | Nysaa", "Buy Rituals collection at best price online from Nysaa. Huge collection. Order now and avail great offers, easy returns and exchange."
rodial, "Shop For Rodial Products Online In UAE | Nysaa", "Buy Rodial collection at best price online from Nysaa. Huge collection. Order now and avail great offers, easy returns and exchange."
axis-y, "Shop For Axis-Y Products Online In UAE | Nysaa", "Buy Axis-Y collection at best price online from Nysaa. Huge collection. Order now and avail great offers, easy returns and exchange."
cosrx, "Shop For Cosrx Products Online In UAE | Nysaa", "Buy Cosrx collection at best price online from Nysaa. Huge collection. Order now and avail great offers, easy returns and exchange."
lador, "Shop For Lador Products Online In UAE | Nysaa", "Buy Lador collection at best price online from Nysaa. Huge collection. Order now and avail great offers, easy returns and exchange."
k-secret, "Shop For K-Secret Products Online In UAE | Nysaa", "Buy K-Secret collection at best price online from Nysaa. Huge collection. Order now and avail great offers, easy returns and exchange."
some-by-mi, "Shop For Some-By-Mi Products Online In UAE | Nysaa", "Buy Some-By-Mi collection at best price online from Nysaa. Huge collection. Order now and avail great offers, easy returns and exchange."
ajmal-perfume, "Shop For Ajmal Perfume Products Online In UAE | Nysaa", "Buy Ajmal perfume collection at best price online from Nysaa. Huge collection. Order now and avail great offers, easy returns and exchange."
babyliss-pro, "Shop For Babyliss Pro Products Online In UAE | Nysaa", "Buy Babyliss pro collection at best price online from Nysaa. Huge collection. Order now and avail great offers, easy returns and exchange."
chopard, "Shop For Chopard Products Online In UAE | Nysaa", "Buy Chopard collection at best price online from Nysaa. Huge collection. Order now and avail great offers, easy returns and exchange."
dear-klairs, "Shop For Dear Klairs Products Online In UAE | Nysaa", "Buy Dear Klairs collection at best price online from Nysaa. Huge collection. Order now and avail great offers, easy returns and exchange."
elie-saab, "Shop For Elie Saab Products Online In UAE | Nysaa", "Buy Elie Saab collection at best price online from Nysaa. Huge collection. Order now and avail great offers, easy returns and exchange."
gentlemens-tonic, "Shop For Gentlemens Tonic Products Online In UAE | Nysaa", "Buy Gentlemens tonic collection at best price online from Nysaa. Huge collection. Order now and avail great offers, easy returns and exchange."
guess, "Shop For Guess Products Online In UAE | Nysaa", "Buy Guess collection at best price online from Nysaa. Huge collection. Order now and avail great offers, easy returns and exchange."
jayjun, "Shop For Jayjun Products Online In UAE | Nysaa", "Buy Jayjun collection at best price online from Nysaa. Huge collection. Order now and avail great offers, easy returns and exchange."
labello, "Shop For Labello Products Online In UAE | Nysaa", "Buy Labello collection at best price online from Nysaa. Huge collection. Order now and avail great offers, easy returns and exchange."
max-factor, "Shop For Max Factor Products Online In UAE | Nysaa", "Buy Max Factor collection at best price online from Nysaa. Huge collection. Order now and avail great offers, easy returns and exchange."
nuface, "Shop For Nuface Products Online In UAE | Nysaa", "Buy Nuface collection at best price online from Nysaa. Huge collection. Order now and avail great offers, easy returns and exchange."
patchology, "Shop For Patchology Products Online In UAE | Nysaa", "Buy Patchology collection at best price online from Nysaa. Huge collection. Order now and avail great offers, easy returns and exchange."
philipp-plien, "Shop For Philipp Plien Products Online In UAE | Nysaa", "Buy Philipp Plien collection at best price online from Nysaa. Huge collection. Order now and avail great offers, easy returns and exchange."
real-techniques, "Shop For Real Techniques Products Online In UAE | Nysaa", "Buy Real techniques collection at best price online from Nysaa. Huge collection. Order now and avail great offers, easy returns and exchange."
roberto-cavalli, "Shop For Roberto Cavalli Products Online In UAE | Nysaa", "Buy Roberto cavalli collection at best price online from Nysaa. Huge collection. Order now and avail great offers, easy returns and exchange."
s-t-dupont, "Shop For S-T-Dupont Products Online In UAE | Nysaa", "Buy S-T-Dupont collection at best price online from Nysaa. Huge collection. Order now and avail great offers, easy returns and exchange."
sukin, "Shop For Sukin Products Online In UAE | Nysaa", "Buy Sukin collection at best price online from Nysaa. Huge collection. Order now and avail great offers, easy returns and exchange."
the-face-shop, "Shop For The Face Shop Products Online In UAE | Nysaa", "Buy The Face Shop collection at best price online from Nysaa. Huge collection. Order now and avail great offers, easy returns and exchange."
aprilskin, "Shop For Aprilskin Products Online In UAE | Nysaa", "Buy Aprilskin collection at best price online from Nysaa. Huge collection. Order now and avail great offers, easy returns and exchange."
belif, "Shop For Belief Products Online In UAE | Nysaa", "Buy Belif collection at best price online from Nysaa. Huge collection. Order now and avail great offers, easy returns and exchange."
dunhill, "Shop For Dunhill Products Online In UAE | Nysaa", "Buy Dunhill collection at best price online from Nysaa. Huge collection. Order now and avail great offers, easy returns and exchange."
eyecha, "Shop For Eyecha Products Online In UAE | Nysaa", "Buy Eyecha collection at best price online from Nysaa. Huge collection. Order now and avail great offers, easy returns and exchange."
ghd, "Shop For GHD Products Online In UAE | Nysaa", "Buy GHD collection at best price online from Nysaa. Huge collection. Order now and avail great offers, easy returns and exchange."
lanvin, "Shop For Lanvin Products Online In UAE | Nysaa", "Buy Lanvin collection at best price online from Nysaa. Huge collection. Order now and avail great offers, easy returns and exchange."
mcaffeine, "Shop Form Caffeine Products Online In UAE | Nysaa", "Buy Mcaffeine collection at best price online from Nysaa. Huge collection. Order now and avail great offers, easy returns and exchange."
nyx, "Shop For NYX Products Online In UAE | Nysaa", "Buy NYX collection at best price online from Nysaa. Huge collection. Order now and avail great offers, easy returns and exchange."
paul-mitchell, "Shop For Paul Mitchell Products Online In UAE | Nysaa", "Buy Paul Mitchell collection at best price online from Nysaa. Huge collection. Order now and avail great offers, easy returns and exchange."
plum, "Shop For Plum Products Online In UAE | Nysaa", "Buy Plum collection at best price online from Nysaa. Huge collection. Order now and avail great offers, easy returns and exchange."
rimmel-london, "Shop For Rimmel London Products Online In UAE | Nysaa", "Buy Rimmel London collection at best price online from Nysaa. Huge collection. Order now and avail great offers, easy returns and exchange."
sensica, "Shop For Sensica Products Online In UAE | Nysaa", "Buy Sensica collection at best price online from Nysaa. Huge collection. Order now and avail great offers, easy returns and exchange."
avene, "Shop For Avene Products Online In UAE | Nysaa", "Buy Avene collection at best price online from Nysaa. Huge collection. Order now and avail great offers, easy returns and exchange."
grown-alchemist, "Shop For Grown Alchemist Products Online In UAE | Nysaa", "Buy Grown Alchemist collection at best price online from Nysaa. Huge collection. Order now and avail great offers, easy returns and exchange."
lee-stafford, "Shop For Lee Stafford Products Online In UAE | Nysaa", "Buy Lee Stafford collection at best price online from Nysaa. Huge collection. Order now and avail great offers, easy returns and exchange."
philip-kingsley, "Shop For Philip Kingsley Products Online In UAE | Nysaa", "Buy Philip Kingsley collection at best price online from Nysaa. Huge collection. Order now and avail great offers, easy returns and exchange."
beauty-sale, "Nysaa's Sale 2024 - Huge Discounts On Top Brands", "Nysaa's beauty sale is live! Discover the year's biggest discounts & offers on over 100+ renowned brands on Nysaa.com. Enjoy cod convenience with easy returns."
fragrance, "Offers On Fragrances At Nysaa", "Enjoy amazing discounts on a wide collection of fragrances/perfumes online in the UAE at Nysaa.com. Free shipping. Free returns. Cash on delivery."
men, "Offers On Men's Fragrances/Perfumes At Nysaa", "Enjoy amazing discounts on a wide collection of men's fragrances/perfumes online in the UAE at Nysaa.com. Free shipping. Free returns. Cash on delivery."
makeup, "Buy Makeup Products Online In UAE | Nysaa", "Explore Nysaa's wide range of makeup products, from well-known brands. Shop now and elevate your beauty with Nysaa UAE. ✓ secure shopping ✓ fast shipping ✓ cash on delivery"
face, "Buy Face Makeup Products From Top Brands In UAE | Nysaa", "Shop the best face makeup products online at Nysaa UAE. Explore the whole collection of face foundation, concealers, primers & more at best price."
concealer-correctors, "Buy Concealer & Correctors Online In Dubai, UAE | Nysaa", "Shop for the best Concealers in UAE from Nysaa. Get great discounts on concealer from top makeup brands and enjoy free shipping & great offers."
foundation, "Buy Foundation Online In Dubai, UAE | Nysaa", "Shop for the best Foundation in UAE from Nysaa. Get great discounts on foundation from top makeup brands and enjoy free shipping & great offers."
loose-powder, "Buy Loose Powder Online In Dubai, UAE | Nysaa", "Shop for the best Loose Powders in UAE from Nysaa. Get great discounts on loose powders from top makeup brands and enjoy free shipping & great offers."
bronzer, "Buy Bronzer Online In Dubai, UAE | Nysaa", "Shop for the best Bronzer in UAE from Nysaa. Get great discounts on bronzers from top makeup brands and enjoy free shipping & great offers."
bb-and-cc-cream, "Buy BB And CC Cream Online In Dubai, UAE | Nysaa", "Shop for the best BB and CC Cream in UAE from Nysaa. Get great discounts on bb and cc cream from top makeup brands and enjoy free shipping & great offers."
setting-spray, "Buy Setting Spray Online In Dubai, UAE | Nysaa", "Shop Setting Spray in UAE from Nysaa. Get great discounts on concealer from top makeup brands and enjoy free shipping & great offers."
eyes, "Buy Eye Makeup Products Online In UAE | Nysaa", "Shop the best Eye Makeup products online at Nysaa UAE. Complete your eye makeup look with our collection of eyes kajal, eyebrow pencil & filler powder. Buy now!"
eyeliner, "Shop Eyeliner Online In Dubai, UAE | Nysaa", "Looking for Eyeliner online? Explore our best-selling eyeliner from top brands. Buy now at competitive prices."
mascara, "Shop Mascara Online In Dubai, UAE | Nysaa", "Looking for Mascara online? Explore our best-selling mascara from top brands. Buy now at competitive prices."
eyeshadow, "Shop Eyeshadow Online In Dubai, UAE | Nysaa", "Looking for Eyeshadow online? Explore our best-selling eyeshadow from top brands. Buy now at competitive prices."
false-lashes, "Shop False Lashes Online In Dubai, UAE | Nysaa", "Looking for False Lashes online? Explore our best-selling false lashes from top brands. Buy now at competitive prices."
eye-pencils, "Shop Eye Pencils Online In Dubai, UAE | Nysaa", "Looking for Eye Pencils online? Explore our best-selling eye pencils from top brands. Buy now at competitive prices."
eye-primer, "Shop Eye Primer Online In Dubai, UAE | Nysaa", "Looking for an Eye Primer online? Explore our best-selling eye primer from top brands. Buy now at competitive prices."
lips, "Buy Lip Makeup Products Online In UAE | Nysaa", "Shop the best Eye Makeup products online at Nysaa UAE. Explore our collection of lipsticks, lip liners and lip gloss. Buy now!"
lipstick, "Buy Lipstick Online In Dubai, UAE | Nysaa", "Shop for Lipsticks online at best prices from Nysaa. Choose matte lipsticks in shades like red, pink, nude, maroon & many more!"
liquid-lipstick, "Shop Liquid Lipstick Online In Dubai, UAE | Nysaa", "Shop for Liquid Lipsticks online at the best prices from Nysaa. Choose liquid lipsticks in shades like red, pink, nude, maroon & many more!"
lip-gloss, "Shop Lip Gloss Online In Dubai, UAE | Nysaa", "Looking for Lip Gloss online? Explore our best-selling lip gloss from top brands. Buy now at great prices."
tools-and-brushes, "Shop Makeup Tools & Brushes Online In UAE | Nysaa", "Buy Makeup Tools & Brushes at the best price online from Nysaa. Huge collection. Order now and avail great offers, easy returns, and exchange."
face-brush, "Shop Face Brush Online In Dubai, UAE | Nysaa", "Buy Face Brush online: browse through a wide range of face brushes from multiple brands at Nysaa with great discounts & offers. Visit now!"
eye-brush, "Shop Eye Brush Online In Dubai, UAE | Nysaa", "Buy Eye Brush online: browse through a wide range of eye brushes from multiple brands at Nysaa with great discounts & offers. Visit now!"
brush-sets, "Shop Brush Sets Online In Dubai, UAE | Nysaa", "Buy Face Brush Sets online: browse through a wide range of face brush sets from multiple brands at Nysaa with great discounts & offers. Visit now!"
sponges-and-applicators, "Shop Sponges And Applicators Online In Dubai, UAE | Nysaa", "Looking for Sponges & Applicators online? Browse through a wide range of sponges & applicators from multiple brands at Nysaa. Buy now at competitive prices."
brows, "Shop Brows Online In Dubai, UAE | Nysaa", "Buy Brows online: browse through a wide range of brows products from multiple brands at Nysaa with great discounts & offers. Easy returns and exchanges."
brow-pencils-powder, "Shop Brow Pencils Powder Online In Dubai, UAE | Nysaa", "Buy Brow Pencils online: browse through a wide range of brow pencils from multiple brands at Nysaa with great discounts & offers. Cod available!"
skincare, "Buy Skin Care Products Online In UAE | Nysaa", "Looking for Skincare Products online in UAE? Browse our wide range of skincare products such as face wash, face serums, facemask & more from Nysaa. Buy now!"
moisturizers, "Shop Moisturizers Online At Best Price In Dubai, UAE | Nysaa", "Buy Moisturizer online: shop from 1000+ options and select the one which suits your skin the most. Free delivery available!"
face-moisturizer-day-cream, "Shop Face Moisturizer Day Cream Online In Dubai, UAE | Nysaa", "Buy Face Moisturizer Day Cream online: shop from 1000+ options and select the one which suits your skin the most. Free delivery available!"
night-cream, "Shop Night Cream Online In Dubai, UAE | Nysaa", "Buy Night Cream online: shop from 1000+ options and select the one which suits your skin the most. Free delivery available!"
face-oils, "Shop Face Oils Online In Dubai, UAE | Nysaa", "Buy Face Oils online: shop from 1000+ options and select the one which suits your skin the most. Free delivery available!"
treatments, "Shop For Top Rated Specialised Skincare Online | Nysaa UAE", "Buy the best Specialised Skincare from Nysaa with best prices. Our extensive range of Specialised Skincare products suitable to all skin types! Order Now."
face-serums, "Shop Face Serums Online In Dubai, UAE | Nysaa", "Buy Face Cream Online: Shop from 1000+ options and select the one which suits your skin the most. Free Delivery Available!"
blemish-acne-treatments, "Shop Blemish Acne Control Kit Online In Dubai, UAE | Nysaa", "Buy Blemish Acne Control Kit Online: Shop from 1000+ options and select the one which suits your skin the most. Free Delivery Available!"
cleansers, "Buy Cleansers Online In Dubai, UAE | Nysaa", "Revitalize your skin with Nysaa's Cleansers. Shop online for the best prices and experience a radiant transformation for all skin types."
face-wash-cleanser, "Buy Face Wash Cleanser Online In Dubai, UAE | Nysaa", "Shop Nysaa's Facewash Cleansers at the best prices online in UAE. Elevate your skincare with a fresh and radiant glow. Buy now!"
cleansing-oils-balm, "Buy Cleansing Oils Balm Online In Dubai, UAE | Nysaa", "Discover the luxurious cleansing experience with Nysaa. Shop Cleansing Oil Balm online in UAE at unbeatable prices. Elevate your skincare routine. Buy now!"
micellar-water, "Shop Micellar Water Online In Dubai, UAE | Nysaa", "Elevate your cleansing routine! Shop Nysaa's Micellar Water online in UAE at the best prices. Refresh your skin effortlessly. Buy now!"
face-wipes, "Shop Face Wipes Online In Dubai, UAE | Nysaa", "Experience convenience and freshness! Shop Nysaa's Face Wipes online in UAE at the best prices. Quick, easy, and effective skincare. Buy now!"
makeup-remover-2, "Shop Makeup Remover Online In Dubai, UAE | Nysaa", "Effortlessly remove makeup with Nysaa's Makeup Remover online in UAE at unbeatable prices. Cleanse with ease, beauty with convenience. Buy now!"
scrubs-exfoliators, "Shop Scrubs Exfoliators Online In Dubai, UAE | Nysaa", "Revitalize your skin with Nysaa's Scrubs and Exfoliators online in UAE at the best prices. Elevate your skincare routine. Buy now for a radiant glow!"
masks, "Buy Mask Online In Dubai, UAE | Nysaa", "Looking for Face Masks online in UAE at unbeatable prices? Buy now Nysaa's face mask for a fresh and glowing complexion!"
sheet-masks, "Shop Sheet Masks Online In Dubai, UAE | Nysaa", "Transform your skin with Nysaa's Sheet Masks online in UAE at unbeatable prices. Elevate your glow. Buy now!"
sleeping-masks, "Shop Sleeping Masks Online In Dubai, UAE | Nysaa", "Revitalize while you sleep! Shop Nysaa's Sleeping Masks online in UAE at the best prices. Wake up to radiant skin. Buy now!"
masks-peels, "Shop Masks Peels Online In Dubai, UAE | Nysaa", "Reveal radiant skin! Shop Nysaa's Masks And Peels online in UAE at unbeatable prices and elevate your glow. Buy now!"
face-packs, "Shop Face Packs Online In Dubai, UAE | Nysaa", "Elevate your skincare ritual with Nysaa's Face Packs online in UAE at the best prices. Rejuvenate your skin. Shop now for a fresh glow!"
eye-masks, "Shop Eye Masks Online In Dubai, UAE | Nysaa", "Revitalize your eyes from Nysaa's Eye Masks online in UAE. Discover a brighter, refreshed look. Buy now for a rejuvenating experience!"
toners, "Buy Toners Online In Dubai, UAE | Nysaa", "Unveil a radiant complexion from Nysaa's skin toners online in UAE and elevate your skincare routine. Buy now for a refreshing glow!"
toners-mists, "Shop Toners Mists Online In Dubai, UAE | Nysaa", "Experience a burst of freshness from Nysaa's toner mists online in UAE and elevate your skincare routine. Buy now for a revitalizing glow!"
body-care, "Shop Body Care Products Online In UAE | Nysaa", "Indulge in luxurious body care from Nysaa's online collection of body care products in UAE at the best prices. Elevate your self-care routine. Buy now!"
lotions-creams, "Shop Lotions Creams Online In Dubai, UAE | Nysaa", "Nourish your skin with luxury from Nysaa's lotions and creams online in UAE and elevate your skincare routine. Buy now for a soft and radiant glow!"
massage-oils, "Shop Massage Oils Online In Dubai, UAE | Nysaa", "Relax and rejuvenate from Nysaa's massage oils online in UAE and elevate your self-care routine. Buy now for a soothing experience."
soaps, "Shop Soaps Online In Dubai, UAE | Nysaa", "Pamper your skin with indulgence by shopping Nysaa's body soaps online in UAE. Elevate your bathing experience. Buy now for a refreshing cleanse!"
bath-scrubs, "Shop Bath Scrubs Online In Dubai, UAE | Nysaa", "Revitalize your bath time from Nysaa's bath scrubs online in UAE and your self-care routine. Buy now for a luxurious and exfoliating experience!"
hands-feet, "Shop Hands & Feet Care Products Online In UAE | Nysaa", "Treat your hands and feet with Nysaa's products online in UAE at the best prices. Elevate your self-care. Buy now for beautiful results!"
hand-creams, "Shop Hand Creams Online In Dubai, UAE | Nysaa", "Nourish your hands with care from Nysaa's hand creams online in UAE and elevate your skincare routine. Buy now for soft and beautiful hands!"
hand-foot-masks, "Shop Hand Foot Masks Online In Dubai, UAE | Nysaa", "Indulge in self-care for your hands and feet by exploring Nysaa's range of masks online in UAE to enhance your pampering routine. Shop now for soft and revitalized skin!"
eye-care, "Buy Eye Care Products Online In UAE | Nysaa", "Enhance your eye care regimen! Explore Nysaa's range of online eye care products in UAE, available at the best prices. Shop now for revitalized and brighter eyes!"
under-eye-cream-serums, "Shop Under Eye Cream Serums Online In Dubai, UAE | Nysaa", "Transform tired eyes by exploring Nysaa's collection of under-eye cream serums online in UAE, offering the best prices. Shop now for a refreshed and revitalized look!"
eye-masks-1, "Shop Eye Masks Online In Dubai, Dubai, UAE | Nysaa", "Refresh tired eyes from Nysaa's eye masks online in UAE at the best prices for a rejuvenated look. Elevate your eye care routine now!"
lip-care, "Buy Lip Care Products Online In Dubai, UAE | Nysaa", "Pamper your lips with care! Explore Nysaa's online lip care products in UAE at the best prices. Shop now for soft and nourished lips!"
lip-balm, "Shop Lip Balm Online In Dubai, UAE | Nysaa", "Nourish your lips with Nysaa! Shop lip balm online in UAE and enhance your lip care routine. Buy now for soft and hydrated lips!"
lip-scrubs, "Shop Lip Scrubs Online In Dubai, UAE | Nysaa", "Revitalize your lips and explore Nysaa's lip scrubs online in UAE by enhancing your lip care routine. Shop now for soft and smooth lips!"
sun-care, "Buy Sun Care Products Online In Dubai, UAE | Nysaa", "Protect your skin with Nysaa's sun care products online in UAE at the best prices. Elevate your skincare routine. Buy now for a radiant and shielded complexion!"
face-sunscreen, "Shop Face Sunscreen Online In Dubai, UAE | Nysaa", "Defend your glow from Nysaa's face sunscreen online in UAE and enhance your sun protection game. Buy now for radiant and protected skin!"
kits-combos, "Shop Skin Care Kits & Combos Online At Best Prices In UAE | Nysaa", "Transform your skin with Nysaa's skincare kits & combos! Shop online in UAE for the best prices. Elevate your skincare routine. Buy now!"
combos-nysaa, "Shop Skin Care Combos Online At Best Prices In UAE | Nysaa", "Discover skin perfection with Nysaa's Combos! Buy skincare combos online at the best prices in UAE by elevating your skincare routine. Shop now!"
gift-sets, "Buy Skin Care Giftsets Online At Best Prices In UAE | Nysaa", "Elevate gifting with Nysaa's Skin Care Gift Sets! Buy online at the best prices in the UAE. Give the gift of radiant skin. Shop now!"
hair, "Buy Hair Products Online At Best Prices On Nysaa, UAE", "Discover a range of hair care products at Nysaa, UAE. Shop for shampoos, conditioners, styling tools, and more for healthy hair."
hair-care, "Buy Complete Hair Care Solutions On Nysaa, UAE & Get Great Deals", "Nourish your hair with hair care products from popular brands. Shop online for shampoos, oils, serums, and more for strong, vibrant hair."
shampoo, "Buy Gentle & Effective Shampoos At Best Prices - Nysaa UAE", "Choose from a wide selection of shampoos at Nysaa UAE. Specially formulated for all hair types to cleanse and refresh. Shop online now and avail great offers"
conditioner, "Buy Hair Conditioners Online For Soft Hair | Nysaa, UAE", "Shop for the perfect hair conditioner online at Nysaa UAE. Enhance your hair's health and shine with our range of nourishing conditioners."
hair-oil, "Buy Nourishing Hair Oils Online At Nysaa, UAE For Radiant Hair", "Revitalize your hair with hair oils available on Nysaa. Select and shop from a variety of oils to strengthen and add luster to your hair. Avail the best offers."
hair-serum, "Buy Smooth & Silky Hair Serums Online At Nysaa, UAE", "Tame frizz and add shine with hair serums from Nysaa, UAE. Shop our collection for sleek, manageable hair. Get amazing deals and discounts."
hair-creams-and-masks, "Buy Hair Creams & Masks Online At Nysaa | Dubai, UAE", "Deeply nourish your hair with creams and masks from Nysaa, UAE. Shop online and experience intense hydration and repair for healthy hair. Great discounts!"
hair-styling, "Buy Hair Styling Products At Nysaa, UAE & Get A Chic Look", "Style your hair with ease using styling products from Nysaa, UAE. Shop online for gels, sprays, mousses, and more for your perfect hairstyle. Find the best prices!"
hair-spray, "Buy Long-Lasting Hair Sprays Online At Nysaa, UAE", "Set your style with a wide range of hair sprays at Nysaa. Offering hold and flexibility for all-day perfection. Shop hair sprays online today at the best price."
gels-and-waxes, "Buy Hair Gels & Waxes Online At Nysaa | Dubai, UAE", "Sculpt your look with hair gels and waxes from Nysaa. Ideal for all hair types to create versatile styles. Shop now to get amazing deals and offers."
hair-mousses-creams, "Buy Hair Mousses & Creams At Nysaa | Dubai, UAE", "Achieve voluminous and defined styles with hair mousses and creams from Nysaa. Easy to apply for a natural finish. Shop online today at unbelievable prices."
tools-and-accessories, "Buy Hair Styling Tools & Accessories Online At Nysaa, UAE", "Equip yourself with the best hair styling tools and accessories at Nysaa. Shop brushes, straighteners, curlers, and more online today at great prices."
hair-brushes, "Buy Hair Brushes For Every Style Online At Nysaa, UAE", "Find the perfect hairbrush at Nysaa. Shop from the wide range of brushes for detangling, styling, and grooming your hair. Find the best price online!"
fragrance, "Buy Fragrances Online At Nysaa UAE At Great Prices", "Explore a wide range of luxury fragrances online at Nysaa UAE. Shop for perfumes, body mists, and more for a signature scent. Avail great deals and offers"
women, "Buy Women's Fragrances Online At Nysaa, UAE", "Discover women's fragrances online at Nysaa in the UAE. Shop online for EDPs, EDTs, and body mists crafted for the modern woman by the popular brands. Get the best deals and offers."
perfumes-edt-edp, "Buy Women's Perfumes EDT/EDP Online At Nysaa | Dubai, UAE", "Indulge in women's EDTs and EDPs online at Nysaa. Select from luxurious fragrances online to enhance your personal style. Shop online today and get amazing deals"
body-mist-spray, "Buy Body Mist Sprays Online At Nysaa, UAE For Refreshing Scents", "Refresh yourself with delightful body mist sprays online at Nysaa. Perfect for a light, fragrant touch throughout the day. Shop now and choose from popular brands"
deodorants-roll-ons, "Buy Deodorants & Roll-Ons Online Nysaa, UAE And Stay Fresh", "Stay fresh all day with deodorants and roll-ons. Shop online at Nysaa for effective, long-lasting fragrance solutions. Choose the best from leading brands."
hair-mist, "Buy Hair Mist Online At Nysaa | Dubai, UAE", "Add a scentful touch to your hair with hair mists online at Nysaa. Perfect for a subtle, lasting fragrance on your locks. Shop hair mists online today."
men, "Buy Men's Fragrances Online At Nysaa UAE At Amazing Prices", "Explore men's fragrances online at Nysaa. Choose from a range of bold EDPs and EDTs designed for the modern man by the popular brands. Avail offers and discounts."
men-perfumes-edt-edp, "Buy Men's Perfumes EDT/EDP Online Nysaa | Dubai, UAE", "Select from exclusive men's EDTs and EDPs online at Nysaa. Shop fragrances that define sophistication and style. Get great deals and discounts"
giftsets-combos, "Buy Fragrance Giftsets & Combos Online At Nysaa UAE", "Find the perfect gift with fragrance giftsets and combos online at Nysaa UAE. Ideal for special occasions and loved ones. Shop quality products now at unbeatable prices"
aromatherapy, "Buy Aromatherapy Products Online At Nysaa UAE At Best Price", "Relax and rejuvenate with aromatherapy products online at Nysaa. Shop for candles, diffusers, and more for a soothing atmosphere. Get great deals and offers."
candles, "Buy Scented Candles Online At Nysaa | Dubai, UAE At Best Price", "Create a cozy ambiance with scented candles. Perfect for relaxation and enhancing your home’s mood. Shop online at Nysaa today and get amazing offers."
diffuser, "Buy Diffusers Online At Nysaa UAE At Best Prices", "Enhance your living space with elegant diffusers. A variety of scents to suit your home fragrance needs. Shop online at Nysaa today at never before prices!"
incense-sticks, "Buy Incense Sticks Online Nysaa, UAE For Serene Aroma", "Experience serenity with incense sticks online at Nysaa. Ideal for meditation, relaxation, and creating a peaceful ambiance. Shop now at unbelievable prices"
home-sprays, "Buy Home Sprays Online At Nysaa UAE & Freshen Up Your Space", "Instantly freshen up your home with home sprays. Delightful fragrances to revitalize any room.  Shop online at Nysaa today and get amazing deals and offers"
bath-and-body, "Buy Bath & Body Products Online At Nysaa UAE For Luxurious Care", "Indulge in luxury with bath and body products online at Nysaa. Shop for shower gels, body scrubs, and more for ultimate pampering. Browse through the best brands."
bath-and-shower, "Buy Bath & Shower Essentials Online At Nysaa, UAE At Great Prices", "Elevate your bath and shower routine with Nysaa. Select from a variety of gels, soaps, and bath salts. Choose from the best brands and shop online today."
shower-gels-and-body-wash, "Buy Shower Gels & Body Wash Online Nysaa | Dubai, UAE", "Refresh your skin with shower gels and body wash. Luxurious formulas for a revitalizing bathing experience. Shop online at Nysaa today & get amazing deals."
body-scrubs-and-exfoliants, "Buy Body Scrubs & Exfoliants Online At Nysaa | Dubai, UAE", "Exfoliate and rejuvenate your skin with body scrubs and exfoliants. Smooth, radiant skin starts here. Shop online at Nysaa today at never before prices."
soaps-1, "Buy Luxury Soaps Online At Nysaa, UAE At Great Prices", "Discover a range of luxurious soaps online at Nysaa. Natural ingredients for a soothing and cleansing experience. Shop for some of the best soaps online."
bath-salts-1, "Buy Bath Salts Online At Nysaa, UAE For Relaxing Soaks", "Soak in relaxation with bath salts. Transform your bath into a spa-like experience with our premium salts. Shop online at Nysaa and get awesome discounts and offers."
body-care-1, "Buy Body Care Products From Popular Brands Online At Nysaa, UAE", "Nourish and hydrate your skin with body lotions, oils, moisturizers & more. Silky, smooth skin with every use. Shop online at Nysaa today. Get offers & discounts."
body-lotions-moisturizers, "Buy Body Lotions & Moisturizers Online At Nysaa, UAE At Best Prices", "Nourish and hydrate your skin with body lotions and moisturizers. Silky, smooth skin with every use. Shop online at Nysaa today. Get offers & discounts."
talcum-powder, "Buy Talcum Powder Online At Nysaa, UAE At Unbelievable Prices", "Stay fresh and comfortable with talcum powder. Ideal for daily use with gentle, soothing properties. Shop online at Nysaa today and avail amazing deals & discounts."
body-butters, "Buy Body Butter Online At Nysaa, UAE For Rich Hydration", "Indulge in deep hydration with body butter. Luxurious textures for soft, nourished skin. Shop online at Nysaa and choose from the most popular brands. Get deals."
massage-oils-1, "Buy Massage Oils Online At Nysaa, UAE For Relaxing Therapy", "Relax and unwind with massage oils. Perfect for soothing massages and nourishing your skin. Shop massage oils online at Nysaa today at never before prices."
hands-and-feet, "Buy Hand & Foot Care Products Online At Nysaa, UAE", "Care for your hands and feet with a wide range of products online at Nysaa. Shop for hand creams, foot masks, and more at never before prices. Get Great deals"
hand-wash, "Buy Hand Wash Online At Nysaa | Dubai, UAE", "Keep your hands clean and soft with a hand wash. Gentle, effective formulas for everyday use. Select the most popular brands online & shop for handwash today at Nysaa."
hand-creams-and-masks, "Buy Hand Creams & Masks Online At Nysaa, UAE", "Moisturize and protect your hands with creams and masks. Luxurious care for soft, smooth hands. Shop online at Nysaa today to buy hand cream at the best price."
mens-grooming, "Buy Men's Grooming Products Online At Nysaa UAE", "Explore men's grooming essentials online at Nysaa. Find products for shaving, beard care, and more for the modern man. Shop now and get the best price."
pre-and-post-shaves, "Buy Pre & Post Shave Products Online At Nysaa, UAE", "Ensure a smooth shave with pre and post shave products. Quality solutions for a comfortable shaving experience. Shop online at Nysaa today and get great discounts."
beard-and-moustache-care, "Buy Beard & Moustache Care Products Online At Nysaa, UAE", "Maintain your beard and moustache with specialized care products from Nysaa UAE. Shop online for oils, balms, and grooming tools for your beard at great prices."
blush, "Shop for Face Blush Online in UAE | Nysaa", "Buy face blush online at the best price from Nysaa. Choose from a wide range of cheek blushes such as pink & shimmer blush and liquid blush. Order Now!"
brow-gel, "Shop for Brow Gel Online in UAE | Nysaa", "Buy brow gel online on Nysaa.com at the best prices. Get Huge Discounts. ✓ Fast and free shipping ✓ free returns ✓ cash on delivery"
brow-kits, "Shop for Brow Kits Online in UAE | Nysaa", "Buy brow kits online on Nysaa.com at the best prices. Get Huge Discounts. ✓ Fast and free shipping ✓ free returns ✓ cash on delivery"
brow-mascara, "Shop for Brow Mascara Online in UAE | Nysaa", "Buy brow mascara online on Nysaa.com at the best prices. Get Huge Discounts. ✓ Fast and free shipping ✓ free returns ✓ cash on delivery"
brush-cleaners, "Shop for Brush Cleaners Online in UAE | Nysaa", "Buy the latest collection of makeup brush cleaners online in Dubai, UAE, at the best price. Order now and avail yourself of great offers and easy returns."
contour, "Buy Contour Online in UAE  at Best Price | Nysaa", "Looking for face contour online? Shop our exclusive collection of face contours on Nysaa UAE, ✓ Fast Delivery ✓ Free Returns."
eyelash-curlers, "Buy Eyelash Curlers Online in UAE at Best Price | Nysaa", "Looking for eyelash curlers online? Shop our exclusive collection of eyelash curlers on Nysaa UAE, ✓ Fast Delivery ✓ Free Returns."
face-palette, "Shop for Face Palette Online in UAE | Nysaa", "Buy Nysaa'a face palette online in Dubai, UAE. Shop our exclusive collection of eyelash curlers at the best price. Order now!"
face-primer, "Buy Face Primer Online in UAE at Best Price | Nysaa", "Discover our collection of face primers at Nysaa UAE. Shop online now & get your order in 1-2 business days. Free returns are available."
highlighters, "Buy Highlighters Online in UAE at Best Price| Nysaa", "Discover our collection of highlighters at Nysaa UAE. Shop online now & get your order in 1-2 business days. Free returns are available."
lip-brush, "Buy Lip Brush Online in UAE at Best Price| Nysaa", "Discover our collection of lip brushes at Nysaa UAE. Shop online now & get your order in 1-2 business days. Free returns are available."
lip-crayon, "Buy Lip Crayon Online in UAE at Best Price| Nysaa", "Nysaa's crayon lipsticks come in stunning shades that suit your personality. Shop lip crayons online in the UAE. Free returns are available."
lip-liner, "Buy Lip Liner Online in UAE at Best Price| Nysaa", "Nysaa's lip liners come in stunning shades that suit your personality - shop lipliners online in the UAE. Free returns are available."
lip-oil, "Buy Lip Oil Online in UAE at Best Price| Nysaa", "Discover our collection of lip oil at Nysaa UAE. Enhance your natural beauty with this nourishing and hydrating lip product. Shop now!"
lip-plumper, "Buy Lip Plumper Online in UAE at Best Price| Nysaa", "Discover our collection of lip plumpers at Nysaa UAE. Shop online now & get your order in 1-2 business days. Free returns are available."
lip-primer, "Buy Lip Primer Online in UAE at Best Price| Nysaa", "Discover our collection of lip primers at Nysaa UAE. Enhance your natural beauty with this nourishing and hydrating lip product. Shop now!"
lip-stain, "Buy Lip Stain Online in UAE at Best Price| Nysaa", "Discover our collection of lip stains at Nysaa UAE. Shop online now & get your order in 1-2 business days. Free returns are available."
makeup-combos, "Buy Makeup Combos Online in UAE at Best Price | Nysaa", "Looking for makeup combos to gift your partner? Check out Nysaa's stunning range of makeup combos, including eye, lip, skin, or face makeup. Shop Now!"
makeup-kits, "Buy Makeup Kits Online in UAE at Best Price | Nysaa", "Explore our wide selection of makeup kits, including eye, lip, skin, or face makeup. Shop now and avail yourself of great offers and easy returns."
nail-polish, "Buy Nail Polish Online in Dubai, UAE | Nysaa", "Shop online for nail polish at Nysaa. Choose the most desirable nail polish in UAE from our beauty store at the best prices. Order Now!"
pressed-powder, "Shop for Pressed Powder Makeup Online in UAE | Nysaa", "Discover Nysaa's Pressed Powder Collection for a flawless makeup base. Shop finely milled powders online for a lasting, natural finish."
sharpeners, "Makeup Pencil Sharpeners - Shop Online in UAE | Nysaa", "Explore Nysaa's collection of makeup pencil sharpeners. Buy online in Dubai, UAE, and enjoy great prices on high-quality sharpeners. Discover exclusive offers now!"
tinted-moisturizer, "Tinted Moisturizer for Face - Buy Online in Dubai | Nysaa UAE", "Achieve a flawless look with Nysaa's tinted moisturizers. Shop online in UAE for the best face products. Explore our collection and enjoy special offers. Buy now!"
tweezers, "Professional Tweezers - Buy Makeup Tools Online at Nysaa UAE", "Nysaa offers a range of professional tweezers for precise grooming. Buy makeup tools online in Dubai, UAE. Shop now for quality tweezers at competitive prices."
under-eye-concealer, "Under Eye Concealer - Shop Online at Nysaa UAE | Buy Now", "Bid farewell to dark circles with Nysaa's under-eye concealer. Buy online for the perfect look. Discover exclusive offers, shop now, and enjoy fast delivery."
blemish-acne-treatments, "Blemish & Acne Treatments - Skincare Solutions at Nysaa Online", "Explore effective blemish and acne treatments at Nysaa. Shop online for skincare solutions in Dubai, UAE. Discover quality products at competitive prices."
body-sunscreen, "Buy Body Sunscreen Products Online in UAE at Nysaa", "Protect your skin with Nysaa's body sunscreen. Shop now for quality sun care products at attractive prices. Don't miss out on our offers!"
cleansing-brushes, "Cleansing Brushes Online at Nysaa UAE | Shop Now", "Elevate your skincare routine with Nysaa's cleansing brushes. Buy skincare tools online in Dubai, UAE, and enjoy the benefits of quality cleansing. Shop now!"
cleansing-oils-balm, "Shop Online for Cleansing Oils & Balms at Nysaa UAE", "Nysaa offers cleansing oils and balms for radiant skin. Buy skincare online in Dubai, UAE, and experience the luxury of effective cleansing. Shop now and unveil a new you!"
combos-nysaa, "Skincare Combos - Buy Kits & Combos Online at Nysaa UAE", "Discover Nysaa's skincare combos for a comprehensive routine. Buy kits & combos online in UAE. Explore our curated collections at great prices. Shop now!"
dermarollers, "Shop Online for Dermarollers in UAE | Nysaa", "Enhance your skincare routine with Nysaa's derma rollers. Buy now in Dubai, UAE, and enjoy hassle-free shipping."
face-massagers, "Buy Face Massagers Online in UAE | Nysaa", "Revitalize your skincare with Nysaa's face massagers. Shop online for a radiant glow at the best prices in Dubai, UAE."
face-moisturizer-day-cream, "Buy Face Moisturizer & Day Cream Online in UAE | Nysaa", "Luxurious face moisturizers for a radiant glow. Shop Nysaa online in UAE for premium skincare and exclusive offers."
face-wash-cleanser, "Buy Face Wash & Cleanser Online in UAE | Nysaa", "Gentle face wash for a refreshing cleanse. Shop online in UAE for radiant results. Elevate your skincare with Nysaa."
facial-kits, "Buy Facial Kits & Combos Online in UAE | Nysaa", "Transform your routine with Nysaa's facial kits. Unlock flawless skin with exclusive online offers in UAE. Elevate your beauty regimen."
foot-creams, "Buy Foot Creams Online in UAE | Nysaa", "Indulge in Nysaa's foot creams for rejuvenated feet. Shop online in UAE for self-care luxury at the best prices."
lip-masks, "Shop Lip Masks Online at Best Prices in UAE | Nysaa", "Revitalize with Nysaa's hydrating lip masks. Experience the luxury of soft, supple lips. Buy online for the best lip care in UAE."
rollers-gua-sha, "Buy Rollers & Gua sha Tools Online in UAE | Nysaa", "Elevate skincare with Nysaa's facial rollers and Gua Sha tools. Relax and rejuvenate at the best prices. Shop online for ultimate self-care."
rose-water, "Buy Rose Water Online in UAE | Nysaa", "Refresh with Nysaa's rose water toners. Hydrate and revitalize for a radiant glow. Shop online in UAE for natural skincare at affordable prices."
scrubs-exfoliators, "Shop Online for Scrubs & Exfoliators in UAE | Nysaa", "Reveal radiant skin with Nysaa's scrubs—gentle cleansing for a renewed complexion. Shop online in UAE for premium scrubs & exfoliators at the best prices."
scrubs-loofahs, "Buy Scrubs & Loofahs Online in UAE | Nysaa", "Indulge in Nysaa's body scrubs and loofahs for a spa-like experience. Pamper your skin with luxury. Shop online in UAE for the best prices."
toners-mists, "Buy Toners & Mists Online in UAE | Nysaa", "Elevate skincare with Nysaa's toners and mists. Refresh and revitalize at the best prices. Shop online for the ultimate skincare experience."
dry-shampoo, "Buy Dry Shampoo Online in UAE | Nysaa", "Refresh your locks instantly with Nysaa's premium dry shampoo, the perfect solution for on-the-go hair care in UAE. Shop online at the best prices."
gels-and-waxes, "Buy Hair Gels and Waxes Online in UAE | Nysaa", "Style effortlessly with Nysaa's gels and waxes. Achieve the perfect look at unbeatable prices. Shop online for premium hair styling."
hair-accessories, "Shop for Hair Accessories Collection Online in UAE | Nysaa", "Accessorize your hair with Nysaa's stylish tools. Elevate your hair game with the latest trends. Shop online in UAE for the best prices."
hair-color, "Shop Online Hair Coloring Products in UAE | Nysaa", "Transform your look with Nysaa's vibrant hair colors. Express yourself with confidence. Shop online for premium hair color at the best prices."
